{
  "LR-struct": {
    "macro_f1": 0.8068163738777805,
    "f1_std": 0.00800500748961127,
    "accuracy": 0.824047870374082
  },
  "RF-struct": {
    "macro_f1": 0.9994931145181359,
    "f1_std": 0.0004225096894792617,
    "accuracy": 0.9994600269743573
  },
  "XGB-struct": {
    "macro_f1": 0.9994162577974801,
    "f1_std": 0.0004920952411707092,
    "accuracy": 0.9993700179734573
  },
  "LR-TFIDF": {
    "macro_f1": 0.9987845949006464,
    "f1_std": 0.0008553570933658731
  }
}