{
  "BERT": {
    "rouge1_f": 0.13648064246899455,
    "rouge2_f": 0.04288294930672938,
    "rougeL_f": 0.12206440299088246,
    "rouge1_p": 0.13068400261589116,
    "rouge2_p": 0.04630960869196163,
    "rougeL_p": 0.11223494350506734,
    "rouge1_r": 0.22800009309686728,
    "rouge2_r": 0.05435885378988827,
    "rougeL_r": 0.21318178094307125
  },
  "BioBERT": {
    "rouge1_f": 0.18188833320268633,
    "rouge2_f": 0.07094418463498724,
    "rougeL_f": 0.17045068645145073,
    "rouge1_p": 0.1652784002222083,
    "rouge2_p": 0.06781848045315537,
    "rougeL_p": 0.1520079125399559,
    "rouge1_r": 0.3146344365312107,
    "rouge2_r": 0.10567703560807008,
    "rougeL_r": 0.30041612437741466
  },
  "ClinicalBERT": {
    "rouge1_f": 0.15461530755540148,
    "rouge2_f": 0.0523888189725651,
    "rougeL_f": 0.14805375771230442,
    "rouge1_p": 0.13867068798523233,
    "rouge2_p": 0.04813970016911193,
    "rougeL_p": 0.13059861300139264,
    "rouge1_r": 0.262860848112461,
    "rouge2_r": 0.08156165099268547,
    "rougeL_r": 0.2569859703020993
  },
  "BART": {
    "rouge1_f": 0.15572344145774414,
    "rouge2_f": 0.05084408632312159,
    "rougeL_f": 0.14149729713657597,
    "rouge1_p": 0.11596924065707089,
    "rouge2_p": 0.039703960958480757,
    "rougeL_p": 0.10308860316196895,
    "rouge1_r": 0.39209638551412745,
    "rouge2_r": 0.11439265332368781,
    "rougeL_r": 0.37071717404459337
  }
}