{
  "binary_classification": {
    "Logistic_Regression": {
      "AUC": 0.8979497770663526,
      "F1": 0.8786668179117563
    },
    "Random_Forest": {
      "AUC": 0.9692176776876231,
      "F1": 0.9595838262803806
    },
    "XGBoost": {
      "AUC": 0.9732397287998381,
      "F1": 0.9617970439594952
    },
    "Cox_PHM": {
      "C_index": 0.7416062630818838
    }
  },
  "multiclass": {
    "Random_Forest": {
      "Macro_F1": 0.5054894317326036,
      "Accuracy": 0.7845896147403686
    }
  }
}