{
  "binary_classification": {
    "Logistic_Regression": {
      "AUC": 0.8992539389033014,
      "F1": 0.8794683970272847
    },
    "Random_Forest": {
      "AUC": 0.9732406334136753,
      "F1": 0.9599057481632324
    },
    "XGBoost": {
      "AUC": 0.9760151760470522,
      "F1": 0.9608775672495764
    },
    "Cox_PHM": {
      "C_index": 0.7365418531636458
    }
  },
  "multiclass": {
    "Random_Forest": {
      "Macro_F1": 0.5220232470885664,
      "Accuracy": 0.7853855406787855
    }
  }
}